package	source	bytes	note
@alcalzone/ansi-tokenize@0.3.0	ok:npmmirror	11653	
@assistant-ui/react-streamdown@0.3.5	ok:npmmirror	44610	
@assistant-ui/tap@0.9.8	ok:npmmirror	105008	
@babel/code-frame@8.0.0	cached	8984	
@babel/code-frame@8.0.0	ok:npmmirror	8984	
@babel/compat-data@8.0.0	cached	3843	
@babel/compat-data@8.0.0	ok:npmmirror	3843	
@babel/core@8.0.1	cached	124835	
@babel/core@8.0.1	ok:npmmirror	124835	
@babel/generator@8.0.0	cached	85629	
@babel/generator@8.0.0	ok:npmmirror	85629	
@babel/helper-compilation-targets@8.0.0	cached	12145	
@babel/helper-compilation-targets@8.0.0	ok:npmmirror	12145	
@babel/helper-globals@8.0.0	cached	6942	
@babel/helper-globals@8.0.0	ok:npmmirror	6942	
@babel/helper-string-parser@8.0.0	cached	7825	
@babel/helper-string-parser@8.0.0	ok:npmmirror	7825	
@babel/helper-validator-identifier@8.0.4	cached	14896	
@babel/helper-validator-identifier@8.0.4	ok:npmmirror	14896	
@babel/helper-validator-option@8.0.0	cached	3943	
@babel/helper-validator-option@8.0.0	ok:npmmirror	3943	
@babel/helpers@8.0.0	cached	35083	
@babel/helpers@8.0.0	ok:npmmirror	35083	
@babel/parser@8.0.4	cached	377251	
@babel/parser@8.0.4	ok:npmmirror	377251	
@babel/template@8.0.0	cached	15345	
@babel/template@8.0.0	ok:npmmirror	15345	
@babel/traverse@8.0.4	cached	166815	
@babel/traverse@8.0.4	ok:npmmirror	166815	
@babel/types@8.0.4	cached	227353	
@babel/types@8.0.4	ok:npmmirror	227353	
@codemirror/lang-markdown@6.5.1	ok:npmmirror	13150	
@codemirror/state@6.7.1	ok:npmmirror	107885	
@codemirror/view@6.43.6	ok:npmmirror	311629	
@csstools/css-syntax-patches-for-csstree@1.1.6	ok:npmmirror	19277	
@emnapi/core@2.0.0-alpha.3	ok:npmmirror	101910	
@emnapi/runtime@2.0.0-alpha.3	ok:npmmirror	53441	
@emnapi/wasi-threads@2.0.1	ok:npmmirror	10932	
@esbuild/aix-ppc64@0.28.1	ok:npmmirror	4591089	
@esbuild/android-arm64@0.28.1	ok:npmmirror	4479873	
@esbuild/android-arm@0.28.1	ok:npmmirror	3750373	
@esbuild/android-x64@0.28.1	ok:npmmirror	3750376	
@esbuild/darwin-arm64@0.28.1	ok:npmmirror	4417651	
@esbuild/darwin-x64@0.28.1	ok:npmmirror	4792951	
@esbuild/freebsd-arm64@0.28.1	ok:npmmirror	4250474	
@esbuild/freebsd-x64@0.28.1	ok:npmmirror	4705559	
@esbuild/linux-arm64@0.28.1	ok:npmmirror	4275227	
@esbuild/linux-arm@0.28.1	ok:npmmirror	4486671	
@esbuild/linux-ia32@0.28.1	ok:npmmirror	4469396	
@esbuild/linux-loong64@0.28.1	ok:npmmirror	4537082	
@esbuild/linux-mips64el@0.28.1	ok:npmmirror	4087041	
@esbuild/linux-ppc64@0.28.1	ok:npmmirror	4311182	
@esbuild/linux-riscv64@0.28.1	ok:npmmirror	4443193	
@esbuild/linux-s390x@0.28.1	ok:npmmirror	4554280	
@esbuild/linux-x64@0.28.1	ok:npmmirror	4728498	
@esbuild/netbsd-arm64@0.28.1	ok:npmmirror	4236831	
@esbuild/netbsd-x64@0.28.1	ok:npmmirror	4689812	
@esbuild/openbsd-arm64@0.28.1	ok:npmmirror	4246268	
@esbuild/openbsd-x64@0.28.1	ok:npmmirror	4698508	
@esbuild/openharmony-arm64@0.28.1	ok:npmmirror	3750380	
@esbuild/sunos-x64@0.28.1	ok:npmmirror	4704344	
@esbuild/win32-arm64@0.28.1	ok:npmmirror	4313618	
@esbuild/win32-ia32@0.28.1	ok:npmmirror	4639641	
@eslint/config-array@0.23.5	ok:npmmirror	75502	
@eslint/config-helpers@0.7.0	ok:npmmirror	14401	
@eslint/core@1.2.1	ok:npmmirror	22326	
@eslint/js@9.39.5	ok:npmmirror	4234	
@eslint/object-schema@3.0.5	ok:npmmirror	12709	
@eslint/plugin-kit@0.7.2	ok:npmmirror	24234	
@iconify/utils@3.1.4	ok:npmmirror	55825	
@isaacs/cliui@8.0.2	ok:npmmirror	6089	
@lezer/css@1.3.4	ok:npmmirror	20416	
@lezer/markdown@1.7.2	ok:npmmirror	104632	
@mapbox/node-pre-gyp@1.0.11	ok:npmmirror	43062	
@marijn/find-cluster-break@1.0.3	ok:npmmirror	4242	
@npmcli/agent@2.2.2	ok:npmmirror	6040	
@npmcli/fs@3.1.1	ok:npmmirror	8681	
@oxc-project/types@0.142.0	ok:npmmirror	7715	
@pkgjs/parseargs@0.11.0	ok:npmmirror	21691	
@playwright/test@1.62.1	ok:npmmirror	8750	
@rolldown/binding-android-arm64@1.2.1	ok:npmmirror	7471691	
@rolldown/binding-darwin-arm64@1.2.1	ok:npmmirror	7207398	
@rolldown/binding-darwin-x64@1.2.1	ok:npmmirror	7509567	
@rolldown/binding-freebsd-x64@1.2.1	ok:npmmirror	7876907	
@rolldown/binding-linux-arm-gnueabihf@1.2.1	ok:npmmirror	7205270	
@rolldown/binding-linux-arm64-gnu@1.2.1	ok:npmmirror	7519256	
@rolldown/binding-linux-arm64-musl@1.2.1	ok:npmmirror	7532132	
@rolldown/binding-linux-ppc64-gnu@1.2.1	ok:npmmirror	8816227	
@rolldown/binding-linux-s390x-gnu@1.2.1	ok:npmmirror	8014742	
@rolldown/binding-linux-x64-gnu@1.2.1	ok:npmmirror	7934369	
@rolldown/binding-linux-x64-musl@1.2.1	ok:npmmirror	7908336	
@rolldown/binding-openharmony-arm64@1.2.1	ok:npmmirror	7430764	
@rolldown/binding-wasm32-wasi@1.2.1	ok:npmmirror	3436167	
@rolldown/binding-win32-arm64-msvc@1.2.1	ok:npmmirror	7585013	
@rolldown/binding-win32-x64-msvc@1.2.1	ok:npmmirror	7969852	
@rolldown/plugin-babel@0.2.3	cached	9398	
@rolldown/plugin-babel@0.2.3	ok:npmmirror	9398	
@shikijs/core@4.3.1	ok:npmmirror	16203	
@shikijs/engine-javascript@4.3.1	ok:npmmirror	3966	
@shikijs/engine-oniguruma@4.3.1	ok:npmmirror	236655	
@shikijs/langs@4.3.1	ok:npmmirror	1264486	
@shikijs/primitive@4.3.1	ok:npmmirror	10929	
@shikijs/themes@4.3.1	ok:npmmirror	174073	
@shikijs/types@4.3.1	ok:npmmirror	9017	
@tailwindcss/oxide-android-arm64@4.3.3	ok:npmmirror	1179884	
@tailwindcss/oxide-darwin-arm64@4.3.3	ok:npmmirror	1220732	
@tailwindcss/oxide-darwin-x64@4.3.3	ok:npmmirror	1192178	
@tailwindcss/oxide-freebsd-x64@4.3.3	ok:npmmirror	1242862	
@tailwindcss/oxide-linux-arm-gnueabihf@4.3.3	ok:npmmirror	1142922	
@tailwindcss/oxide-linux-arm64-gnu@4.3.3	ok:npmmirror	1173794	
@tailwindcss/oxide-linux-arm64-musl@4.3.3	ok:npmmirror	1181541	
@tailwindcss/oxide-linux-x64-gnu@4.3.3	ok:npmmirror	1261862	
@tailwindcss/oxide-linux-x64-musl@4.3.3	ok:npmmirror	1264267	
@tailwindcss/oxide-wasm32-wasi@4.3.3	ok:npmmirror	1829808	
@tailwindcss/oxide-win32-arm64-msvc@4.3.3	ok:npmmirror	1175634	
@tanstack/query-core@5.101.2	ok:npmmirror	312253	
@tanstack/react-query@5.101.2	ok:npmmirror	92027	
@tanstack/react-virtual@3.14.6	ok:npmmirror	8508	
@tanstack/virtual-core@3.17.4	ok:npmmirror	96763	
@tauri-apps/cli-darwin-arm64@2.11.4	ok:npmmirror	7902237	
@tauri-apps/cli-darwin-x64@2.11.4	ok:npmmirror	8209507	
@tauri-apps/cli-linux-arm-gnueabihf@2.11.4	ok:npmmirror	8353316	
@tauri-apps/cli-linux-arm64-gnu@2.11.4	ok:npmmirror	8219048	
@tauri-apps/cli-linux-arm64-musl@2.11.4	ok:npmmirror	8220872	
@tauri-apps/cli-linux-riscv64-gnu@2.11.4	ok:npmmirror	8359622	
@tauri-apps/cli-linux-x64-gnu@2.11.4	ok:npmmirror	8677404	
@tauri-apps/cli-linux-x64-musl@2.11.4	ok:npmmirror	8652989	
@tauri-apps/cli-win32-arm64-msvc@2.11.4	ok:npmmirror	7275788	
@tauri-apps/cli-win32-ia32-msvc@2.11.4	ok:npmmirror	7318138	
@tauri-apps/cli-win32-x64-msvc@2.11.4	ok:npmmirror	7619200	
@tauri-apps/cli@2.11.4	ok:npmmirror	85772	
@types/babel__core@7.20.5	ok:npmmirror	9704	
@types/babel__generator@7.27.0	ok:npmmirror	4068	
@types/babel__template@7.4.4	ok:npmmirror	2677	
@types/babel__traverse@7.28.0	ok:npmmirror	15915	
@types/d3-random@3.0.4	ok:npmmirror	3692	
@types/esrecurse@4.3.1	ok:npmmirror	2028	
@types/gensync@1.0.5	ok:npmmirror	3089	
@types/hast@3.0.5	ok:npmmirror	7146	
@types/jsesc@2.5.1	ok:npmmirror	2892	
@types/plist@3.0.5	ok:npmmirror	1839	
@types/proxy-from-env@1.0.4	ok:npmmirror	1760	
@typescript-eslint/eslint-plugin@8.64.0	ok:npmmirror	346054	
@typescript-eslint/parser@8.64.0	ok:npmmirror	4485	
@typescript-eslint/project-service@8.64.0	ok:npmmirror	5105	
@typescript-eslint/scope-manager@8.64.0	ok:npmmirror	66153	
@typescript-eslint/tsconfig-utils@8.64.0	ok:npmmirror	3626	
@typescript-eslint/type-utils@8.64.0	ok:npmmirror	17384	
@typescript-eslint/types@8.64.0	ok:npmmirror	19942	
@typescript-eslint/typescript-estree@8.64.0	ok:npmmirror	74296	
@typescript-eslint/utils@8.64.0	ok:npmmirror	43730	
@typescript-eslint/visitor-keys@8.64.0	ok:npmmirror	4266	
@ungap/structured-clone@1.3.3	ok:npmmirror	7536	
@xmldom/xmldom@0.9.10	ok:npmmirror	102996	
abbrev@1.1.1	ok:npmmirror	2301	
abbrev@2.0.0	ok:npmmirror	2365	
aggregate-error@3.1.0	ok:npmmirror	2651	
aproba@2.1.0	ok:npmmirror	3558	
are-we-there-yet@2.0.0	ok:npmmirror	4841	
assistant-cloud@0.1.37	ok:npmmirror	42196	
assistant-stream@0.3.31	ok:npmmirror	217419	
babel-plugin-react-compiler@1.0.0	ok:npmmirror	675115	
baseline-browser-mapping@2.11.25	ok:npmmirror	41665	
bippy@0.5.43	ok:npmmirror	90679	
blobatar@2.0.0	ok:npmmirror	106138	
browserslist@4.29.0	ok:npmmirror	18707	
cacache@18.0.4	ok:npmmirror	19408	
caniuse-lite@1.0.30001810	ok:npmmirror	323010	
clean-stack@2.2.0	ok:npmmirror	2464	
cli-boxes@4.0.1	ok:npmmirror	2402	
cli-truncate@6.1.1	ok:npmmirror	4226	
color-support@1.1.3	ok:npmmirror	3642	
colord@2.10.0	ok:npmmirror	36921	
console-control-strings@1.1.0	ok:npmmirror	3335	
cookie-es@3.1.1	ok:npmmirror	8855	
crelt@1.0.7	ok:npmmirror	2385	
delegates@1.0.0	ok:npmmirror	2848	
dompurify@3.4.13	ok:npmmirror	368161	
driver.js@1.8.0	ok:npmmirror	29425	
eastasianwidth@0.2.0	ok:npmmirror	2893	
electron-to-chromium@1.5.433	ok:npmmirror	35400	
emoji-regex@9.2.2	ok:npmmirror	11118	
emojibase-data@16.0.3	ok:npmmirror	6487905	
emojibase@17.0.0	ok:npmmirror	27203	
empathic@2.0.1	ok:npmmirror	5305	
encoding@0.1.13	ok:npmmirror	3040	
enhanced-resolve@5.24.2	ok:npmmirror	95332	
eslint-plugin-perfectionist@5.10.0	ok:npmmirror	166827	
eslint-scope@9.1.2	ok:npmmirror	36931	
eslint@10.8.0	ok:npmmirror	620706	
espree@11.2.0	ok:npmmirror	24865	
foreground-child@3.3.1	ok:npmmirror	12526	
framer-motion@12.42.2	ok:npmmirror	1244234	
frimousse@0.3.0	ok:npmmirror	67336	
fs-extra@11.3.6	ok:npmmirror	16186	
fs-extra@11.3.6	ok:npmmirror	16186	
fs-minipass@3.0.3	ok:npmmirror	4516	
fsevents@2.3.2	ok:npmmirror	22066	
fsevents@2.3.3	ok:npmmirror	22808	
fsevents@2.3.3	ok:npmmirror	22808	
gauge@3.0.2	ok:npmmirror	15572	
get-windows@9.3.0	ok:npmmirror	66644	
glob@10.5.0	cached	74227	
glob@10.5.0	ok:npmmirror	74227	
has-unicode@2.0.1	ok:npmmirror	1965	
ignore@7.0.6	cached	17522	
ignore@7.0.6	ok:npmmirror	17522	
indent-string@4.0.0	ok:npmmirror	2065	
ink@7.1.1	ok:npmmirror	129722	
is-lambda@1.0.1	ok:npmmirror	1843	
jackspeak@3.4.3	ok:npmmirror	61399	
js-tokens@10.0.0	cached	4360	
js-tokens@10.0.0	ok:npmmirror	4360	
lightningcss-android-arm64@1.32.0	ok:npmmirror	3623980	
lightningcss-darwin-arm64@1.32.0	ok:npmmirror	3452138	
lightningcss-darwin-x64@1.32.0	ok:npmmirror	3860279	
lightningcss-freebsd-x64@1.32.0	ok:npmmirror	3856640	
lightningcss-linux-arm-gnueabihf@1.32.0	ok:npmmirror	3531290	
lightningcss-linux-arm64-gnu@1.32.0	ok:npmmirror	3584504	
lightningcss-linux-arm64-musl@1.32.0	ok:npmmirror	3583220	
lightningcss-linux-x64-gnu@1.32.0	ok:npmmirror	3848191	
lightningcss-linux-x64-musl@1.32.0	ok:npmmirror	3846393	
lightningcss-win32-arm64-msvc@1.32.0	ok:npmmirror	3421578	
lru-cache@10.4.3	cached	181128	
lru-cache@10.4.3	cached	181128	
lru-cache@10.4.3	ok:npmmirror	181128	
make-dir@3.1.0	ok:npmmirror	3793	
make-fetch-happen@13.0.1	ok:npmmirror	16221	
mermaid@11.16.1	ok:npmmirror	17619777	
minipass-collect@2.0.1	ok:npmmirror	2094	
minipass-fetch@3.0.5	ok:npmmirror	13611	
minipass-flush@1.0.7	ok:npmmirror	2191	
minipass-pipeline@1.2.4	ok:npmmirror	3001	
minipass-sized@1.0.3	ok:npmmirror	30780	
minipass@3.3.6	cached	15335	
minipass@3.3.6	ok:npmmirror	15335	
minipass@3.3.6	ok:npmmirror	15335	
minipass@3.3.6	ok:npmmirror	15335	
minizlib@2.1.2	ok:npmmirror	6154	
motion-dom@12.42.2	ok:npmmirror	835274	
nanoid@6.0.0	ok:npmmirror	5179	
nanostores@1.4.2	ok:npmmirror	13864	
negotiator@0.6.4	ok:npmmirror	6725	
node-addon-api@8.9.0	ok:npmmirror	61748	
node-fetch@2.7.0	ok:npmmirror	44644	
node-gyp@10.3.1	ok:npmmirror	456579	
node-releases@2.0.56	ok:npmmirror	6080	
nopt@5.0.0	ok:npmmirror	9343	
nopt@7.2.1	ok:npmmirror	9355	
npmlog@5.0.1	ok:npmmirror	5901	
p-map@4.0.0	ok:npmmirror	3443	
package-json-from-dist@1.0.1	ok:npmmirror	5750	
package-manager-detector@1.7.0	ok:npmmirror	7790	
path-scurry@1.11.1	ok:npmmirror	101719	
playwright-core@1.62.1	ok:npmmirror	3070300	
playwright@1.62.1	ok:npmmirror	895775	
plist@3.1.1	ok:npmmirror	223793	
postcss@8.5.23	cached	51391	
postcss@8.5.23	ok:npmmirror	51391	
prettier@3.9.5	ok:npmmirror	2799565	
proc-log@4.2.0	cached	3991	
proc-log@4.2.0	ok:npmmirror	3991	
react-arborist@3.13.2	ok:npmmirror	95597	
react-colorful@5.8.0	ok:npmmirror	104908	
react-router@8.3.0	ok:npmmirror	610211	
rimraf@3.0.2	ok:npmmirror	6480	
rolldown@1.2.1	ok:npmmirror	189418	
sanitize-html@2.17.7	ok:npmmirror	22475	
shiki@4.3.1	ok:npmmirror	192056	
slice-ansi@9.0.0	ok:npmmirror	7503	
ssri@10.0.6	ok:npmmirror	11546	
string-width@5.1.2	ok:npmmirror	2557	
string-width@8.2.2	ok:npmmirror	4309	
tldts-core@7.4.9	ok:npmmirror	84042	
tldts@7.4.9	ok:npmmirror	676221	
tr46@0.0.3	ok:npmmirror	64681	
tsx@4.23.1	ok:npmmirror	184994	
tw-shimmer@0.4.12	ok:npmmirror	3438	
type-fest@5.8.0	ok:npmmirror	148161	
typescript-eslint@8.64.0	ok:npmmirror	7376	
unique-filename@3.0.0	ok:npmmirror	1800	
unique-slug@4.0.0	ok:npmmirror	1508	
update-browserslist-db@1.3.3	ok:npmmirror	7349	
webidl-conversions@3.0.1	ok:npmmirror	4727	
whatwg-url@5.0.0	ok:npmmirror	11073	
which@4.0.0	ok:npmmirror	3322	
wide-align@1.1.5	ok:npmmirror	1994	
wrap-ansi@10.0.0	ok:npmmirror	5840	
wrap-ansi@8.1.0	ok:npmmirror	4444	
ws@8.21.1	ok:npmmirror	34995	
